gene,logFC,p_value
SLPI,0.0024237670232383707,0.006644987493259018
CXCL9,0.0005104448801049893,0.013524444983670102
NFKBIB,-9.57087750242464e-05,0.013149701840755422
CSRP1,-0.0006326033842069395,0.03427351350708488
APOD,0.007114318028567835,0.013247953064700443
